exp_id,experiment_name,CB,DCB,TOL,annealing_temperature,sheet_resistance
660858dddc56149493ba3d7e,Spring24_SolvTemp_JPM_1,0,0,100,30,26841
66085f3c82f78f6f268541f3,Spring24_SolvTemp_JPM_2,0,100,0,30,180090
660861c681d775fd84048281,Spring24_SolvTemp_JPM_3,100,0,0,30,50400
660864188342d8f8565f210a,Spring24_SolvTemp_JPM_4,20,50,30,30,68889.99999
6608651d8342d8f8567debaa,Spring24_SolvTemp_JPM_5,60,10,30,30,58200
6608663cdc561494935b873d,Spring24_SolvTemp_JPM_6,50,30,20,60,15281
6608670fdc561494937564a5,Spring24_SolvTemp_JPM_7,20,20,60,60,30267.99999
660867c78342d8f856c2a083,Spring24_SolvTemp_JPM_8,30,30,40,60,37749.99999
6608688c5003d64741483d66,Spring24_SolvTemp_JPM_9,20,40,40,90,21751
6608697394e011fc192d23e9,Spring24_SolvTemp_JPM_10,0,50,50,90,22972
66086a7754a36d6df38c34a2,Spring24_SolvTemp_JPM_11,60,10,30,90,15761
66086b5bdc56149493dfcf5d,Spring24_SolvTemp_JPM_12,30,0,70,90,26587
66086c4194e011fc198295e0,Spring24_SolvTemp_JPM_13,60,20,20,180,42890.00001
66086f5882f78f6f266d085b,Spring24_SolvTemp_JPM_14,0,50,50,180,47229.99999
66087079aebabf93762570c5,Spring24_SolvTemp_JPM_15,50,50,0,210,96429.99999
660871a68342d8f856e86284,Spring24_SolvTemp_JPM_16,10,50,40,210,111780
660872ff5003d64741903693,Spring24_SolvTemp_JPM_17,0,30,70,120,18436
6608745582f78f6f26fe87b1,Spring24_SolvTemp_JPM_18,10,50,40,120,15338
660876568342d8f856726fda,Spring24_SolvTemp_JPM_19,40,20,40,120,13329
66087789dc561494934f7069,Spring24_SolvTemp_JPM_20,20,60,20,120,16293
660878a05003d64741287f99,Spring24_SolvTemp_JPM_21,10,90,0,150,22678
660879a55003d647414ab371,Spring24_SolvTemp_JPM_22,40,30,30,150,13500
66087a9a82f78f6f26afd268,Spring24_SolvTemp_JPM_23,10,40,50,150,13534
66087ba881d775fd841e4e90,Spring24_SolvTemp_JPM_24,30,20,50,150,12174
66087e36dc56149493176624,Spring24_SolvTemp_JPM_25,20,30,50,240,55170
66087f408342d8f85680613b,Spring24_SolvTemp_JPM_26,60,0,40,240,49490.00001
6608804682f78f6f264a3c71,Spring24_SolvTemp_JPM_27,80,10,10,240,41600.00001
6608815e82f78f6f266c8067,Spring24_SolvTemp_JPM_28,60,40,0,240,45900
660885fd5003d64741d09fb0,Spring24_SolvTemp_JPM_29,30,40,30,270,112670
660887528342d8f85671035b,Spring24_SolvTemp_JPM_30,100,0,0,270,47049.99999
660888beaebabf9376ea6f57,Spring24_SolvTemp_JPM_31,0,0,100,270,41310
66088b035003d647416d9579,Spring24_SolvTemp_JPM_32,0,100,0,270,89259.99999
66088bdc81d775fd841b66fa,Spring24_SolvTemp_JPM_33,60,40,0,120,40940.00001
66088cbe82f78f6f26ce49a9,Spring24_SolvTemp_JPM_34,30,0,70,210,56370
66088e0281d775fd845c1e46,Spring24_SolvTemp_JPM_35,30,0,70,180,573000
66088eff5003d64741e403b3,Spring24_SolvTemp_JPM_36,100,0,0,150,19497
660890408342d8f856738636,Spring24_SolvTemp_JPM_37,0,0,100,150,13855
660892a5a6bd9adf4b807a91,Spring24_SolvTemp_JPM_38,0,0,100,180,50430
660894015003d6474188ca82,Spring24_SolvTemp_JPM_39,10,10,80,210,39830.00001
6608951154a36d6df394f875,Spring24_SolvTemp_JPM_40,90,10,0,120,24372
660896208342d8f856134709,Spring24_SolvTemp_JPM_41,100,0,0,120,22310
660897115003d64741e199a3,Spring24_SolvTemp_JPM_42,20,10,70,180,1213200
660898188342d8f8565021a9,Spring24_SolvTemp_JPM_43,10,10,80,180,786399.9999
6608995654a36d6df3171c97,Spring24_SolvTemp_JPM_44,20,0,80,210,64809.99999
66089abf8342d8f856a00bdb,Spring24_SolvTemp_JPM_45,20,0,80,180,35000.00001
66089c32dc561494937007bc,Spring24_SolvTemp_JPM_46,40,60,0,30,69540
66089d1ddc561494938bfa39,Spring24_SolvTemp_JPM_47,0,10,90,180,29660
66089fe1dc56149493d9ccd4,Spring24_SolvTemp_JPM_48,40,60,0,60,121170
6608a124a6bd9adf4b435741,Spring24_SolvTemp_JPM_49,40,60,0,90,31539.99999
6608a1f6dc56149493159c9b,Spring24_SolvTemp_JPM_50,10,0,90,150,20543
6608a2b5dc56149493290a1e,Spring24_SolvTemp_JPM_51,50,50,0,30,127330
6608a4f8a6bd9adf4bc1e6b1,Spring24_SolvTemp_JPM_52,50,50,0,90,34400.00001
6608a6185003d647418bbcd2,Spring24_SolvTemp_JPM_53,50,50,0,120,25920
6608a78c54a36d6df3b3fdf0,Spring24_SolvTemp_JPM_54,10,0,90,180,33729.99999
6608a892a6bd9adf4b31acb9,Spring24_SolvTemp_JPM_55,70,30,0,90,33399.99999
6608aefc82f78f6f26ba8e55,Spring24_SolvTemp_JPM_56,30,0,70,240,41850
6608b05754a36d6df3c00d43,Spring24_SolvTemp_JPM_57,60,40,0,90,29960
6608b516a6bd9adf4ba28b92,Spring24_SolvTemp_JPM_58,0,0,100,120,15764
6608b6358342d8f856c1a519,Spring24_SolvTemp_JPM_59,30,0,70,270,58599.99999
6608b8de54a36d6df3b631dd,Spring24_SolvTemp_JPM_60,0,20,80,210,52280.00001
6608ba0aa6bd9adf4b38353e,Spring24_SolvTemp_JPM_61,0,10,90,150,13709
6608be885003d64741607537,Spring24_SolvTemp_JPM_62,50,50,0,60,78909.99999
6608bfc65003d647418dcfe8,Spring24_SolvTemp_JPM_63,30,70,0,60,33108.99999
6608c1388342d8f85616c645,Spring24_SolvTemp_JPM_64,70,30,0,120,24769
6608c23e81d775fd8470aeca,Spring24_SolvTemp_JPM_65,0,20,80,150,21348
6608c35e5003d64741f370b6,Spring24_SolvTemp_JPM_66,0,100,0,210,75069.99999
6608c453dc5614949316285c,Spring24_SolvTemp_JPM_67,0,100,0,90,44390.00001
6608c5c0a6bd9adf4b90927e,Spring24_SolvTemp_JPM_68,0,90,10,210,80690.00001
6608c6a282f78f6f266495a9,Spring24_SolvTemp_JPM_69,0,90,10,90,32259.99999
6608c7c4dc5614949379bf35,Spring24_SolvTemp_JPM_70,0,80,20,120,20354
6608c896aebabf9376967554,Spring24_SolvTemp_JPM_71,0,80,20,90,33630
6608c9e9dc56149493af095c,Spring24_SolvTemp_JPM_72,0,70,30,90,25640
6608caee82f78f6f26d6f19f,Spring24_SolvTemp_JPM_73,10,80,10,90,28214
6608cbd08342d8f8563cd1e4,Spring24_SolvTemp_JPM_74,10,30,60,150,17646
6608ccf6dc56149493086e12,Spring24_SolvTemp_JPM_75,20,80,0,90,32054.00001
6608cdfadc561494932234c1,Spring24_SolvTemp_JPM_76,20,80,0,120,20645
6608ceed8342d8f856a0196a,Spring24_SolvTemp_JPM_77,10,90,0,90,29501
6608cfad8342d8f856b74347,Spring24_SolvTemp_JPM_78,10,90,0,210,20048
6608d077a6bd9adf4bb5f9d8,Spring24_SolvTemp_JPM_79,70,20,10,150,20157
6608d1405003d647417bcc34,Spring24_SolvTemp_JPM_80,80,20,0,150,20194
6608d21d82f78f6f26b8232c,Spring24_SolvTemp_JPM_81,0,30,70,150,13775
6608d2d2f8a43891b1226a6a,Spring24_SolvTemp_JPM_82,10,80,10,120,22415
6608d3738342d8f8561f96e4,Spring24_SolvTemp_JPM_83,0,80,20,240,30639
6608d4168342d8f85635fc38,Spring24_SolvTemp_JPM_84,0,70,30,270,47439.99999
6608d4a15003d64741e0a8ee,Spring24_SolvTemp_JPM_85,0,100,0,180,67929.99999
6608d55baebabf937623fae3,Spring24_SolvTemp_JPM_86,10,70,20,90,24799
6608d612f8a43891b17ccd63,Spring24_SolvTemp_JPM_87,10,70,20,270,36720
6608d6bbdc5614949313a8d8,Spring24_SolvTemp_JPM_88,20,70,10,270,39249.99999
6608d757aebabf93766de5c8,Spring24_SolvTemp_JPM_89,0,100,0,120,21635
6608d8038342d8f856ba4b28,Spring24_SolvTemp_JPM_90,20,80,0,240,29863
6608d8a9aebabf93769bc6f0,Spring24_SolvTemp_JPM_91,30,70,0,270,39009
6608d94082f78f6f268a2535,Spring24_SolvTemp_JPM_92,0,80,20,210,63500.00001
6608d9d082f78f6f269ab5b4,Spring24_SolvTemp_JPM_93,100,0,0,180,27454
6608dab6dc561494937f15dd,Spring24_SolvTemp_JPM_94,10,80,10,210,48300
6608db5881d775fd8443e48f,Spring24_SolvTemp_JPM_95,20,80,0,210,60159.99999
6608dc0782f78f6f26d806ee,Spring24_SolvTemp_JPM_96,0,90,10,120,22225
6704b9c6a5d90af508db2255,Spring24_SolvTemp_JPM_97,30,40,30,150,25752
6704beb484cfffa9c7ebaefc,Spring24_SolvTemp_JPM_98,30,30,40,180,31508.00001
6704c40cd95e1861d656e443,Spring24_SolvTemp_JPM_99,80,0,20,150,27749
6704c5853670825d4bb43615,Spring24_SolvTemp_JPM_100,30,30,40,120,38520
6704c703c3794f93ea10ff0d,Spring24_SolvTemp_JPM_101,30,70,0,150,61007.00001
6704c8cb8afb9cb01782309a,Spring24_SolvTemp_JPM_102,0,70,30,30,1581000
6704c9ef2191905155aff00d,Spring24_SolvTemp_JPM_103,60,0,40,150,55509.99999
6704cb253670825d4bdb23e0,Spring24_SolvTemp_JPM_104,20,80,0,30,2746000
6704cc8d2191905155c13522,Spring24_SolvTemp_JPM_105,30,50,20,180,67989.99999
6704cf108afb9cb017a7001d,Spring24_SolvTemp_JPM_106,30,0,70,30,98960.00001
6704d1b83670825d4b0b8ca1,Spring24_SolvTemp_JPM_107,0,30,70,30,166780
6704d2c8d95e1861d6b09ec3,Spring24_SolvTemp_JPM_108,0,40,60,270,158730
6704d3e832f8d61243f6ebbb,Spring24_SolvTemp_JPM_109,70,30,0,30,1249600
6704d5a92191905155ff68f6,Spring24_SolvTemp_JPM_110,50,20,30,270,89810.00001
6704d7ba84cfffa9c78b7331,Spring24_SolvTemp_JPM_111,70,0,30,180,18346
6704d90537c5561e157b7e94,Spring24_SolvTemp_JPM_112,80,0,20,60,125550
6704da258afb9cb017f04ed0,Spring24_SolvTemp_JPM_113,70,0,30,120,18003
6704db4b32f8d612432cffb2,Spring24_SolvTemp_JPM_114,50,0,50,120,21095
6704dc778afb9cb017fdd9e4,Spring24_SolvTemp_JPM_115,40,30,30,210,71679.99999
6704ddc037c5561e1596e8e0,Spring24_SolvTemp_JPM_116,0,20,80,270,100460
6704dec8d95e1861d6f32e64,Spring24_SolvTemp_JPM_117,80,20,0,60,174940
6704e4173670825d4b811acb,Spring24_SolvTemp_JPM_118,20,10,70,120,23366
6704e5ed3670825d4b8c51ab,Spring24_SolvTemp_JPM_119,40,20,40,240,57321.99999
6704e7885f13e5b38903ae65,Spring24_SolvTemp_JPM_120,40,10,50,30,158120
6704e96b84cfffa9c7f67c45,Spring24_SolvTemp_JPM_121,10,50,40,270,119590
6704ebae32f8d612438e0c63,Spring24_SolvTemp_JPM_122,0,50,50,30,741699.9999
6704ecd28afb9cb0175bd23b,Spring24_SolvTemp_JPM_123,10,60,30,150,69510
6704ede937c5561e15f8b132,Spring24_SolvTemp_JPM_124,70,30,0,270,116550
6704eef084cfffa9c71b570e,Spring24_SolvTemp_JPM_125,0,20,80,60,141470
6704f0428afb9cb01778fa8d,Spring24_SolvTemp_JPM_126,40,50,10,150,67500
6704f16d8afb9cb0177dc8ff,Spring24_SolvTemp_JPM_127,80,10,10,30,159360
6704f2d7d95e1861d6594310,Spring24_SolvTemp_JPM_128,0,10,90,90,67719.99999